"Date","Price","Open","High","Low","Vol.","Change %"
"12/15/2025","79.5000","79.7100","79.7750","79.0500","","-0.69%"
"12/12/2025","80.0500","79.3100","80.0500","79.2100","","-0.25%"
"12/11/2025","80.2500","78.5100","80.2500","78.3500","","2.56%"
"12/10/2025","78.2500","77.3100","78.8250","77.1250","","1.36%"
"12/09/2025","77.2000","76.6100","77.3500","76.3000","","0.85%"
"12/08/2025","76.5500","76.8100","76.9600","76.2500","","0.07%"
"12/05/2025","76.5000","77.2100","77.3000","75.5100","","-0.92%"
"12/04/2025","77.2100","77.6100","77.6100","76.0000","","-0.52%"
"12/03/2025","77.6100","77.6100","78.3250","76.5000","","0.14%"
"12/02/2025","77.5000","77.7600","77.7900","77.2500","","-0.29%"
"12/01/2025","77.7250","77.9100","77.9600","77.6000","","0.29%"
"11/28/2025","77.5000","78.3100","78.4600","77.2500","","-0.58%"
"11/27/2025","77.9500","78.6100","78.6100","77.9500","","-0.70%"
"11/26/2025","78.5000","78.9600","78.9600","78.4750","","-0.48%"
"11/25/2025","78.8750","78.6600","79.2100","78.4100","","0.48%"
"11/24/2025","78.5000","79.0100","79.1100","77.7500","","-0.76%"
"11/21/2025","79.1000","80.0600","80.0600","78.5500","","-1.19%"
"11/20/2025","80.0500","80.6600","80.7600","80.0500","","-0.62%"
"11/19/2025","80.5500","80.9100","81.0100","80.4000","","-0.51%"
"11/18/2025","80.9600","81.0600","81.2500","80.9100","","-0.36%"
"11/17/2025","81.2500","80.7100","81.3500","80.7100","","0.49%"
"11/14/2025","80.8500","80.7000","81.2500","80.4100","","0.19%"
"11/13/2025","80.7000","81.0100","81.5250","80.3100","","-0.71%"
"11/12/2025","81.2750","81.0100","81.4000","80.9100","","0.40%"
"11/11/2025","80.9500","81.3100","81.6000","80.9500","","-0.37%"
"11/10/2025","81.2500","80.9600","81.4100","80.7000","","0.37%"
"11/07/2025","80.9500","81.1100","81.4100","80.9100","","-0.37%"
"11/06/2025","81.2500","81.2600","81.6000","80.9100","","-0.12%"
"11/05/2025","81.3500","80.7600","81.3600","80.3600","","0.43%"
"11/04/2025","81.0000","80.7100","81.1250","80.5100","","0.36%"
"11/03/2025","80.7100","81.0100","81.0100","80.5000","","-0.11%"
"10/31/2025","80.8000","80.4100","80.9500","80.0000","","1.06%"
"10/30/2025","79.9500","79.7100","81.0000","79.7100","","-0.06%"
"10/29/2025","80.0000","79.6100","80.1250","79.2100","","0.95%"
"10/28/2025","79.2500","79.7100","80.2100","79.2500","","0.00%"
"10/27/2025","79.2500","79.1250","79.5000","78.9250","","-0.63%"
"10/24/2025","79.7500","81.2600","81.5750","79.7500","","-1.86%"
"10/23/2025","81.2600","81.6600","82.5000","80.7000","","-0.29%"
"10/22/2025","81.5000","81.2100","82.0000","81.2100","","0.15%"
"10/21/2025","81.3750","80.8100","81.4600","80.5500","","0.65%"
"10/20/2025","80.8500","81.3600","81.5000","80.7100","","-0.40%"
"10/17/2025","81.1750","80.0100","81.8000","79.9100","","1.46%"
"10/16/2025","80.0100","78.5100","81.0500","78.2600","","1.73%"
"10/15/2025","78.6500","79.8100","79.8100","78.2500","","-1.07%"
"10/14/2025","79.5000","80.2100","80.7500","78.8750","","-2.03%"
"10/13/2025","81.1500","81.2600","81.7000","80.3750","","-0.58%"
"10/10/2025","81.6250","81.5100","82.5000","81.1000","","0.55%"
"10/09/2025","81.1750","81.5100","82.0000","80.9600","","-0.41%"
"10/08/2025","81.5100","82.0100","82.6250","81.0000","","-0.69%"
"10/07/2025","82.0750","82.7100","82.7500","80.3100","","-1.11%"
"10/06/2025","83.0000","82.2100","83.4250","82.2100","","0.91%"
"10/03/2025","82.2500","81.1600","82.6500","81.1600","","-0.36%"
"10/02/2025","82.5500","81.2600","82.5500","80.7100","","0.06%"
"10/01/2025","82.5000","82.4600","82.5000","81.0100","","-0.48%"
"09/30/2025","82.9000","82.5600","83.3000","82.3500","","-0.21%"
"09/29/2025","83.0750","83.2100","83.6000","82.6600","","-0.36%"
"09/26/2025","83.3750","83.7100","84.2500","83.3250","","-0.68%"
"09/25/2025","83.9500","83.5100","84.0750","83.4600","","0.24%"
"09/24/2025","83.7500","83.5600","83.9500","83.4100","","0.12%"
"09/23/2025","83.6500","83.6600","83.8750","83.1600","","0.03%"
"09/22/2025","83.6250","83.6100","84.0500","83.4100","","0.15%"
"09/19/2025","83.5000","83.1100","84.0000","83.1100","","0.30%"
"09/18/2025","83.2500","83.0100","84.0000","82.8100","","-0.89%"
"09/17/2025","84.0000","82.7100","84.0000","82.6250","","0.96%"
"09/16/2025","83.2000","82.8100","83.2500","82.2100","","0.24%"
"09/15/2025","83.0000","83.8600","83.8600","82.3500","","-1.19%"
"09/12/2025","84.0000","85.0100","85.2500","82.5000","","-0.59%"
"09/11/2025","84.5000","85.0100","85.9250","84.5000","","0.00%"
"09/10/2025","84.5000","84.0100","85.2500","83.8600","","0.96%"
"09/09/2025","83.7000","82.6600","83.8500","82.6600","","1.49%"
"09/08/2025","82.4750","81.3100","82.8000","81.3100","","1.51%"
"09/05/2025","81.2500","81.1600","81.5100","81.1250","","-0.06%"
"09/04/2025","81.3000","80.8100","81.4250","80.6100","","0.37%"
"09/03/2025","81.0000","80.5600","81.0000","80.4000","","0.56%"
"09/02/2025","80.5500","80.3600","80.6600","80.3100","","-0.03%"
"09/01/2025","80.5750","80.0000","81.0000","80.0000","","0.84%"
"08/29/2025","79.9000","80.3100","80.6500","79.9000","","-0.51%"
"08/28/2025","80.3100","80.3100","80.5000","79.7500","","-0.05%"
"08/27/2025","80.3500","80.4100","80.9500","80.1000","","-0.19%"
"08/26/2025","80.5000","80.3100","80.6000","80.0500","","-0.25%"
"08/25/2025","80.7000","80.7100","80.8500","80.4100","","0.19%"
"08/22/2025","80.5500","80.2600","80.9600","80.2600","","-0.03%"
"08/21/2025","80.5750","80.1100","80.6000","80.1100","","0.09%"
"08/20/2025","80.5000","80.3600","80.8000","80.1100","","-0.34%"
"08/19/2025","80.7750","80.2600","80.7750","80.2100","","0.64%"
"08/18/2025","80.2600","79.8600","80.5000","79.8600","","0.14%"
"08/15/2025","80.1500","79.7600","80.3000","79.7500","","0.50%"
"08/14/2025","79.7500","79.7100","79.9000","79.1600","","0.38%"
"08/13/2025","79.4500","79.9100","79.9600","79.2000","","0.00%"
"08/12/2025","79.4500","79.8600","80.1300","79.4500","","-0.06%"
"08/11/2025","79.5000","79.8100","80.1300","79.4600","","-0.63%"
"08/08/2025","80.0000","79.2600","80.1000","79.2600","","0.95%"
"08/07/2025","79.2500","80.1100","80.1100","79.1500","","-0.94%"
"08/06/2025","80.0000","80.0000","80.3250","79.9750","","0.00%"
"08/05/2025","80.0000","79.7500","80.3000","79.7100","","0.22%"
"08/04/2025","79.8250","80.0100","80.0100","79.6100","","-0.22%"
"08/01/2025","80.0000","80.1600","81.1500","80.0000","","-1.36%"
"07/31/2025","81.1000","81.0100","81.6000","79.7100","","0.11%"
"07/30/2025","81.0100","81.2500","82.3500","80.4500","","-0.11%"
"07/29/2025","81.1000","81.2100","82.6000","81.0100","","-0.31%"
"07/28/2025","81.3500","79.4100","81.3500","79.3000","","2.44%"
"07/25/2025","79.4100","80.0000","80.0000","79.2000","","0.20%"
"07/24/2025","79.2500","78.5100","79.6000","78.2500","","1.08%"
"07/23/2025","78.4000","78.4100","78.6500","78.2500","","-0.13%"
"07/22/2025","78.5000","78.3100","78.5100","77.9500","","0.38%"
"07/21/2025","78.2000","78.7100","78.7100","78.1500","","-0.65%"
"07/18/2025","78.7100","78.0500","78.7100","78.0000","","0.85%"
"07/17/2025","78.0500","78.0000","78.7100","78.0000","","-0.40%"
"07/16/2025","78.3600","78.0000","78.5000","78.0000","","0.37%"
"07/15/2025","78.0750","78.0000","78.2500","77.6000","","-0.03%"
"07/14/2025","78.1000","77.9600","78.7500","77.7000","","0.18%"
"07/11/2025","77.9600","76.7250","78.0000","77.4000","","0.53%"
"07/10/2025","77.5500","78.1600","78.2500","77.5500","","-0.78%"
"07/09/2025","78.1600","78.2100","78.3500","78.0000","","-0.43%"
"07/08/2025","78.5000","78.7100","78.7100","78.1600","","-0.25%"
"07/07/2025","78.7000","78.7500","79.0750","78.5250","","-0.06%"
"07/04/2025","78.7500","79.3000","79.3000","78.0100","","-0.41%"
"07/03/2025","79.0750","78.7600","79.0750","78.6100","","0.19%"
"07/02/2025","78.9250","78.4100","78.9250","78.4100","","0.54%"
"07/01/2025","78.5000","78.2600","78.6500","78.2000","","0.38%"
"06/30/2025","78.2000","78.6100","78.7000","78.2000","","-0.38%"
"06/27/2025","78.5000","77.8750","78.7500","77.8750","","-0.32%"
"06/26/2025","78.7500","78.1600","79.0000","78.1600","","0.64%"
"06/25/2025","78.2500","78.1250","78.5000","77.8500","","-0.16%"
"06/24/2025","78.3750","78.1100","78.8750","78.1100","","-0.16%"
"06/23/2025","78.5000","78.4600","78.7500","78.1000","","0.00%"
"06/20/2025","78.5000","78.0000","78.5600","78.0000","","0.16%"
"06/19/2025","78.3750","78.4600","78.6250","78.0000","","-0.16%"
"06/18/2025","78.5000","78.3100","79.1000","78.2100","","0.00%"
"06/17/2025","78.5000","78.7500","79.2000","78.3500","","-0.16%"
"06/16/2025","78.6250","79.7100","79.7100","78.3750","","-1.36%"
"06/13/2025","79.7100","79.8100","79.8250","79.2250","","-0.36%"
"06/12/2025","80.0000","79.1100","80.6250","79.0100","","0.63%"
"06/11/2025","79.5000","78.5100","79.6250","78.1100","","1.31%"
"06/10/2025","78.4750","78.9100","79.0250","78.4250","","-0.66%"
"06/09/2025","79.0000","78.9600","79.3100","78.5500","","0.19%"
"06/06/2025","78.8500","78.3750","79.6000","77.3500","","2.07%"
"06/05/2025","77.2500","79.3000","79.8500","77.2500","","-2.52%"
"06/04/2025","79.2500","78.7600","79.2500","78.3100","","0.35%"
"06/03/2025","78.9750","78.9500","79.2500","78.4250","","-0.35%"
"06/02/2025","79.2500","78.5100","79.5750","78.5100","","2.26%"
"05/30/2025","77.5000","78.8100","79.1250","77.0000","","0.78%"
"05/29/2025","76.9000","79.5100","79.7500","76.9000","","-3.72%"
"05/28/2025","79.8750","80.1100","80.5000","79.3100","","-0.47%"
"05/27/2025","80.2500","79.7600","80.2500","79.7100","","0.61%"
"05/26/2025","79.7600","79.8100","79.8600","79.5000","","0.33%"
"05/23/2025","79.5000","79.6100","80.0100","79.3500","","-0.22%"
"05/22/2025","79.6750","79.8100","80.0750","79.3250","","-0.09%"
"05/21/2025","79.7500","80.7600","80.7600","79.7500","","-1.09%"
"05/20/2025","80.6250","80.1100","80.8600","79.5000","","-0.15%"
"05/19/2025","80.7500","80.9100","81.0100","79.7500","","-0.31%"
"05/16/2025","81.0000","80.3600","81.0000","80.3600","","1.25%"
"05/15/2025","80.0000","80.4600","80.5750","79.8750","","-0.47%"
"05/14/2025","80.3750","80.5100","80.6250","80.0000","","0.66%"
"05/13/2025","79.8500","80.8100","80.8100","79.3750","","-1.42%"
"05/12/2025","81.0000","82.4100","82.5100","80.5000","","-1.82%"
"05/09/2025","82.5000","83.0000","84.6250","82.2500","","0.11%"
"05/08/2025","82.4100","81.1100","82.8750","81.1100","","2.21%"
"05/07/2025","80.6250","81.0000","81.5000","80.5000","","-1.07%"
"05/06/2025","81.5000","81.0100","83.0000","80.2500","","0.23%"
"05/05/2025","81.3100","82.8600","82.8750","80.5000","","-1.74%"
"05/02/2025","82.7500","81.3100","83.0000","81.3100","","0.91%"
"05/01/2025","82.0000","82.0000","82.0000","82.0000","","0.00%"
"04/30/2025","82.0000","81.8100","82.0100","81.1100","","0.00%"
"04/29/2025","82.0000","82.3100","82.4100","80.8750","","-0.79%"
"04/28/2025","82.6500","82.6100","83.0500","82.1750","","0.03%"
"04/25/2025","82.6250","82.6600","83.3500","82.4450","","-0.69%"
"04/24/2025","83.2000","82.9100","83.5500","82.0000","","0.24%"
"04/23/2025","83.0000","81.4100","84.1000","81.4100","","1.81%"
"04/22/2025","81.5250","81.0100","81.7250","80.5000","","0.65%"
"04/21/2025","81.0000","81.8100","81.8100","80.3600","","-1.34%"
"04/18/2025","82.1000","81.5100","82.1100","80.6100","","-0.09%"
"04/17/2025","82.1705","82.8600","82.9250","81.6600","","-0.99%"
"04/16/2025","82.9955","82.5100","83.7500","82.0750","","-0.66%"
"04/15/2025","83.5455","82.2600","83.5750","81.8100","","1.58%"
"04/14/2025","82.2500","83.3600","84.0000","82.1500","","-1.20%"
"04/11/2025","83.2455","84.0100","85.0000","83.2500","","-0.30%"
"04/10/2025","83.4955","85.7100","87.5000","82.5000","","-3.08%"
"04/09/2025","86.1455","85.7100","87.1000","85.5750","","0.35%"
"04/08/2025","85.8455","86.0100","86.1000","85.2100","","-0.35%"
"04/07/2025","86.1455","84.8600","86.5100","84.8600","","1.95%"
"04/04/2025","84.4955","84.0600","85.7500","83.9000","","0.47%"
"04/03/2025","84.0967","84.3600","84.7100","83.9100","","-0.18%"
"04/02/2025","84.2455","84.3100","85.0000","83.8750","","-0.30%"
"04/01/2025","84.4955","84.5100","85.2500","84.3250","","1.81%"
"03/31/2025","82.9955","83.8600","86.5000","83.0000","","-2.30%"
"03/28/2025","84.9455","83.5600","85.7000","83.3750","","0.53%"
"03/27/2025","84.4955","83.9600","85.0000","83.5000","","0.51%"
"03/26/2025","84.0705","83.6600","84.6500","83.6600","","-0.65%"
"03/25/2025","84.6205","83.5000","84.7500","83.5000","","0.89%"
"03/24/2025","83.8705","84.0000","84.5000","83.5000","","-0.74%"
"03/21/2025","84.4955","82.7500","84.8750","82.7500","","-0.50%"
"03/20/2025","84.9205","83.7600","85.7500","83.5000","","1.10%"
"03/19/2025","83.9955","81.9100","84.2500","81.9100","","2.75%"
"03/18/2025","81.7455","83.0100","84.1000","81.0100","","-2.04%"
"03/17/2025","83.4455","85.5100","85.8600","83.2000","","-2.40%"
"03/14/2025","85.4955","86.0100","87.0000","85.3500","","-0.87%"
"03/13/2025","86.2455","86.8600","87.0750","83.3750","","-1.03%"
"03/12/2025","87.1455","85.8600","87.2500","85.5000","","1.78%"
"03/11/2025","85.6205","88.9100","88.9100","85.1250","","-2.28%"
"03/10/2025","87.6205","88.8250","88.8250","87.5000","","-2.64%"
"03/07/2025","89.9955","89.2600","89.4600","88.7500","","1.12%"
"03/06/2025","88.9955","89.7100","90.3000","89.0000","","-1.55%"
"03/05/2025","90.3955","89.5100","90.4000","89.1100","","0.72%"
"03/04/2025","89.7455","89.7600","89.7600","88.9750","","0.06%"
"03/03/2025","89.6955","89.5100","90.0500","88.8100","","0.36%"
"02/28/2025","89.3705","87.5100","89.5000","87.5100","","1.91%"
"02/27/2025","87.6955","87.0100","88.3100","86.6750","","1.01%"
"02/26/2025","86.8205","86.2100","87.0100","85.3750","","0.26%"
"02/25/2025","86.5955","88.0100","88.0100","86.2000","","-1.31%"
"02/24/2025","87.7455","89.3100","89.3100","87.7500","","-0.85%"
"02/21/2025","88.4955","88.0100","89.4000","87.3000","","-0.20%"
"02/20/2025","88.6705","89.5100","89.5100","87.8750","","-1.06%"
"02/19/2025","89.6205","91.4600","91.5600","87.7500","","-2.10%"
"02/18/2025","91.5455","91.6600","92.3750","90.9100","","0.05%"
"02/17/2025","91.4955","92.0100","92.3250","90.7500","","0.41%"
"02/14/2025","91.1205","90.8100","92.2500","89.4000","","1.82%"
"02/13/2025","89.4955","93.0100","93.1000","89.0000","","-4.79%"
"02/12/2025","93.9955","96.1100","96.5000","93.1000","","-2.59%"
"02/11/2025","96.4955","97.2600","97.2600","95.6250","","-0.13%"
"02/10/2025","96.6205","97.3100","98.0750","96.6250","","-0.39%"
"02/07/2025","96.9955","97.0100","97.9000","96.8100","","0.26%"
"02/06/2025","96.7455","97.5100","97.7000","96.4750","","-1.28%"
"02/05/2025","97.9955","99.5100","99.8100","97.3750","","-2.68%"
"02/04/2025","100.6955","99.7500","100.7000","98.8100","","0.95%"
"02/03/2025","99.7455","98.5100","100.3750","98.5100","","1.19%"
"01/31/2025","98.5705","97.8600","98.8750","97.6100","","0.08%"
"01/30/2025","98.4955","98.3100","98.7600","97.4750","","-0.76%"
"01/29/2025","99.2455","98.1100","99.8750","97.7100","","1.28%"
"01/28/2025","97.9955","97.0100","98.6750","97.0100","","0.64%"
"01/27/2025","97.3705","97.9100","98.4100","96.6100","","-0.43%"
"01/24/2025","97.7955","98.6100","99.5000","97.7500","","-2.08%"
"01/23/2025","99.8705","99.1100","100.3750","98.5000","","0.63%"
"01/22/2025","99.2455","99.5100","99.5100","96.0000","","-0.25%"
"01/21/2025","99.4955","101.5100","101.8600","99.2500","","-1.49%"
"01/20/2025","100.9955","102.2100","102.4500","101.0000","","-1.46%"
"01/17/2025","102.4955","102.4600","103.3250","101.5000","","0.04%"
"01/16/2025","102.4500","102.9100","103.6250","102.3250","","-0.04%"
"01/15/2025","102.4955","102.7100","103.5000","102.0000","","-0.20%"
"01/14/2025","102.7000","102.9100","103.5000","101.2000","","-0.04%"
"01/13/2025","102.7455","101.5600","103.0500","101.5600","","0.98%"
"01/10/2025","101.7455","102.1600","102.7500","101.2000","","-0.49%"
"01/09/2025","102.2455","104.5100","104.5100","101.6250","","-2.15%"
"01/08/2025","104.4955","106.5100","107.0100","104.3750","","-2.56%"
"01/07/2025","107.2455","106.5000","107.2500","106.5000","","-0.23%"
"01/06/2025","107.4955","109.5100","109.5100","106.4100","","-2.72%"
"01/03/2025","110.4955","110.5000","112.0000","110.5000","","-0.45%"
"01/02/2025","110.9955","110.0000","115.0000","110.0000","","-2.20%"
"01/01/2025","113.4955","113.4955","113.4955","113.4955","","0.00%"
"12/31/2024","113.4955","105.0100","113.5000","105.0100","","2.72%"
"12/30/2024","110.4955","104.0100","111.0000","103.7100","","4.49%"
"12/27/2024","105.7455","100.0100","107.0000","99.7100","","5.75%"
"12/26/2024","100.0000","99.5100","100.3100","98.9600","","0.50%"
"12/25/2024","99.5000","99.8600","100.2100","99.4100","","-0.50%"
"12/24/2024","99.9955","101.0100","101.0100","99.5000","","-1.21%"
"12/23/2024","101.2205","102.7100","103.0100","99.8750","","-1.72%"
"12/20/2024","102.9955","103.5000","104.2500","102.0600","","-0.48%"
"12/19/2024","103.4955","103.2100","104.2100","101.5000","","-1.12%"
"12/18/2024","104.6705","103.5100","105.4250","102.3000","","0.07%"
"12/17/2024","104.5955","103.0100","104.7500","101.5500","","0.97%"
"12/16/2024","103.5955","102.0000","104.6250","102.0000","","-0.86%"
"12/13/2024","104.4955","104.4100","104.6000","102.0000","","-0.48%"
"12/12/2024","104.9955","105.0100","106.0100","103.0000","","-0.47%"
"12/11/2024","105.4955","102.0100","108.7500","101.5100","","2.38%"
"12/10/2024","103.0455","100.0100","103.0500","99.7100","","3.05%"
"12/09/2024","99.9955","99.0100","100.6500","98.8000","","-0.55%"
"12/06/2024","100.5455","102.0100","102.0100","98.5100","","-0.45%"
"12/05/2024","100.9955","104.5100","105.0100","97.8500","","-3.81%"
"12/04/2024","104.9955","105.5100","106.0000","103.0000","","0.00%"
"12/03/2024","104.9955","105.5600","107.6000","104.0000","","-1.41%"
"12/02/2024","106.4955","107.3100","108.6000","105.5600","","0.00%"
"11/29/2024","106.4955","108.6100","110.0000","104.5000","","-1.39%"
"11/28/2024","107.9955","110.3100","112.0000","105.7500","","-4.55%"
"11/27/2024","113.1455","105.4100","114.5000","103.3100","","7.25%"
"11/26/2024","105.4955","103.5600","107.9500","102.5000","","1.44%"
"11/25/2024","103.9955","102.2100","104.1500","102.2100","","-0.34%"
"11/22/2024","104.3455","100.5100","104.3500","100.3600","","3.01%"
"11/21/2024","101.2955","100.0000","101.4500","100.0000","","0.70%"
"11/20/2024","100.5955","99.8268","100.7500","99.7500","","0.02%"
"11/19/2024","100.5705","99.8600","101.0750","99.8100","","0.83%"
"11/18/2024","99.7455","99.6600","100.5500","99.5600","","-0.25%"
"11/15/2024","99.9955","99.5100","100.4000","99.0000","","0.50%"
"11/14/2024","99.5000","98.2600","100.7500","97.5000","","1.02%"
"11/13/2024","98.4955","97.7500","98.7000","97.7500","","0.25%"
"11/12/2024","98.2455","97.5600","98.2500","97.5600","","2.34%"
"11/11/2024","95.9955","97.3100","98.7000","95.5000","","-1.64%"
"11/08/2024","97.5955","97.9100","98.2100","96.9000","","-0.41%"
"11/07/2024","97.9955","98.3600","98.3600","96.6000","","0.80%"
"11/06/2024","97.2205","95.0000","100.5000","95.0000","","-0.59%"
"11/05/2024","97.7955","98.3600","98.7250","97.3000","","-0.56%"
"11/04/2024","98.3500","97.4100","99.0500","97.4100","","0.36%"
"11/01/2024","97.9955","97.0600","98.2500","97.0000","","0.64%"
"10/31/2024","97.3705","96.9100","97.3750","96.9100","","0.49%"
"10/30/2024","96.9000","97.1600","98.0000","96.6000","","-0.61%"
"10/29/2024","97.4955","97.1600","98.0000","95.6500","","0.36%"
"10/28/2024","97.1500","96.6600","98.0000","96.6600","","-0.10%"
"10/25/2024","97.2455","96.9500","97.3500","96.3750","","1.04%"
"10/24/2024","96.2455","96.4100","97.1500","95.5000","","0.26%"
"10/23/2024","95.9955","96.4100","96.8750","95.9500","","0.26%"
"10/22/2024","95.7455","96.3100","97.1000","95.7500","","-1.08%"
"10/21/2024","96.7955","96.3100","97.5500","95.7500","","0.10%"
"10/18/2024","96.7000","96.7500","97.2500","95.2500","","0.00%"
"10/17/2024","96.7000","96.7500","97.7000","96.7500","","0.00%"
"10/16/2024","96.7000","96.7500","97.7500","96.7500","","0.00%"
"10/15/2024","96.7000","94.5000","99.1250","94.0000","","1.16%"
"10/14/2024","95.5955","95.6100","96.4500","95.6000","","-0.21%"
"10/11/2024","95.7955","97.2100","97.2100","95.2000","","-0.83%"
"10/10/2024","96.5955","97.1600","97.6000","96.6000","","-0.41%"
"10/09/2024","96.9955","97.0000","100.3000","96.3100","","0.26%"
"10/08/2024","96.7455","96.0600","96.8000","96.0100","","0.57%"
"10/07/2024","96.1955","95.5100","96.5000","95.5100","","1.26%"
"10/04/2024","94.9955","94.5000","96.0000","94.5000","","0.26%"
"10/03/2024","94.7455","94.5100","95.3500","94.4100","","-0.94%"
"10/02/2024","95.6455","95.6650","97.1500","93.6600","","-0.21%"
"10/01/2024","95.8455","92.9100","95.8500","92.7000","","3.06%"
"09/30/2024","92.9955","92.9100","93.6750","92.0000","","-1.40%"
"09/27/2024","94.3205","92.3500","94.3250","92.3500","","1.84%"
"09/26/2024","92.6130","92.0650","92.8250","91.7500","","0.13%"
"09/25/2024","92.4955","92.4300","93.0100","91.2500","","-0.32%"
"09/24/2024","92.7955","92.8100","93.5500","92.5000","","1.45%"
"09/23/2024","91.4705","92.5100","93.3000","91.4750","","-0.95%"
"09/20/2024","92.3455","92.8100","93.1250","92.2500","","0.19%"
"09/19/2024","92.1705","92.1250","93.7000","91.6600","","-1.55%"
"09/18/2024","93.6205","90.9650","93.8500","90.9361","","2.32%"
"09/17/2024","91.4955","90.7150","91.6000","90.4000","","0.11%"
"09/16/2024","91.3955","90.8600","91.5000","90.7500","","1.56%"
"09/13/2024","89.9955","91.1100","91.5000","90.0000","","0.90%"
"09/12/2024","89.1955","91.0100","91.5750","89.2000","","-2.59%"
"09/11/2024","91.5705","90.9600","92.2250","90.5000","","0.63%"
"09/10/2024","90.9955","90.7100","91.6250","90.0000","","0.50%"
"09/09/2024","90.5455","89.7100","91.2750","89.7100","","0.22%"
"09/06/2024","90.3455","89.5000","90.5000","89.1850","","2.38%"
"09/05/2024","88.2455","89.5100","90.7500","88.2500","","0.86%"
"09/04/2024","87.4968","87.8159","90.0100","87.2500","","-0.34%"
"09/03/2024","87.7912","89.5000","90.3000","87.1000","","-2.23%"
"09/02/2024","89.7955","91.8100","91.8100","89.0000","","-0.94%"
"08/30/2024","90.6455","91.5000","92.2500","90.4500","","-1.47%"
"08/29/2024","91.9955","91.4100","92.2500","91.1100","","0.55%"
"08/28/2024","91.4955","91.0100","92.1000","91.0100","","0.00%"
"08/27/2024","91.4955","91.8150","92.3100","90.9500","","-0.54%"
"08/26/2024","91.9955","91.3100","92.5000","91.2100","","0.55%"
"08/23/2024","91.4955","91.3100","91.9100","91.1100","","0.21%"
"08/22/2024","91.3000","91.6100","92.5000","90.6500","","-0.21%"
"08/21/2024","91.4955","91.4100","92.3750","90.8750","","0.38%"
"08/20/2024","91.1455","90.0000","91.9100","89.1250","","1.48%"
"08/19/2024","89.8205","89.0100","90.1500","89.0100","","0.42%"
"08/16/2024","89.4455","89.0100","91.0100","87.7500","","0.65%"
"08/15/2024","88.8705","89.0100","90.5000","88.2500","","-1.03%"
"08/14/2024","89.7955","92.0000","93.0000","88.0000","","-0.77%"
"08/13/2024","90.4955","91.0100","96.4000","90.5000","","-0.55%"
"08/12/2024","90.9955","89.0100","91.8000","88.4500","","2.71%"
"08/09/2024","88.5955","86.7100","89.0100","86.7100","","2.19%"
"08/08/2024","86.7000","86.2100","87.2488","85.8500","","1.08%"
"08/07/2024","85.7705","85.2500","86.2500","84.7500","","0.12%"
"08/06/2024","85.6705","85.5650","85.8600","84.5100","","0.94%"
"08/05/2024","84.8705","85.6600","87.0000","84.6100","","-0.73%"
"08/02/2024","85.4955","85.9600","85.9600","85.3500","","0.00%"
"08/01/2024","85.4955","86.1600","86.3500","85.2000","","-0.76%"
"07/31/2024","86.1500","86.2100","86.5750","85.0000","","0.47%"
"07/30/2024","85.7455","86.4100","86.7000","85.7500","","-0.75%"
"07/29/2024","86.3955","86.0100","87.0000","85.3500","","0.35%"
"07/26/2024","86.0955","85.0000","87.3600","85.0000","","1.29%"
"07/25/2024","84.9955","87.0675","87.0675","84.8500","","-1.44%"
"07/24/2024","86.2405","87.2100","87.8000","86.1950","","-1.83%"
"07/23/2024","87.8455","87.9100","88.3000","85.9250","","0.00%"
"07/22/2024","87.8455","87.9100","88.5000","87.3250","","0.17%"
"07/19/2024","87.6955","88.4000","88.4000","87.0500","","-0.79%"
"07/18/2024","88.3955","88.5000","88.5000","87.5100","","-0.11%"
"07/17/2024","88.4955","88.5000","88.6000","87.9100","","0.11%"
"07/16/2024","88.3955","88.0575","88.9250","87.4100","","0.06%"
"07/15/2024","88.3455","87.3600","88.6000","87.2100","","0.54%"
"07/12/2024","87.8705","87.0000","88.1500","87.0000","","1.01%"
"07/11/2024","86.9955","87.5100","88.5750","87.0000","","-1.53%"
"07/10/2024","88.3455","87.5000","89.0000","87.3100","","2.14%"
"07/09/2024","86.4955","87.2500","88.5000","86.5000","","-0.14%"
"07/08/2024","86.6205","88.3750","90.0250","86.6250","","-1.56%"
"07/05/2024","87.9955","88.0100","88.6750","87.7100","","-1.12%"
"07/04/2024","88.9955","88.5000","89.1000","87.0100","","1.31%"
"07/03/2024","87.8455","87.8500","88.4750","86.5800","","0.00%"
"07/02/2024","87.8455","86.9100","88.7500","86.3500","","1.27%"
"07/01/2024","86.7455","84.9100","87.5500","84.9100","","1.17%"
"06/28/2024","85.7455","85.0000","88.2500","84.8100","","0.88%"
"06/27/2024","84.9955","88.2500","89.9293","82.0623","","-3.68%"
"06/26/2024","88.2455","87.5000","90.2003","84.4897","","0.00%"
"06/25/2024","88.2455","87.3100","90.1978","83.8915","","0.28%"
"06/24/2024","87.9955","87.1100","92.2943","84.4185","","-1.21%"
"06/21/2024","89.0705","87.3750","95.3500","83.8725","","2.09%"
"06/20/2024","87.2455","83.1250","90.1228","82.1390","","5.58%"
"06/19/2024","82.6340","85.7500","88.4970","81.3545","","-3.21%"
"06/18/2024","85.3705","88.7200","90.9728","84.2618","","-3.78%"
"06/17/2024","88.7205","89.1100","92.1863","86.6042","","-0.99%"
"06/14/2024","89.6118","88.5100","91.4583","86.7780","","1.98%"
"06/13/2024","87.8705","89.3750","91.9978","86.6408","","-1.26%"
"06/12/2024","88.9955","89.2450","89.8028","88.4273","","-0.28%"
"06/11/2024","89.2455","88.8500","89.4913","87.5600","","0.42%"
"06/10/2024","88.8705","89.0300","90.2788","87.1300","","0.27%"
"06/07/2024","88.6330","89.3200","89.4998","87.9425","","-0.76%"
"06/06/2024","89.3100","88.7850","89.5592","88.3253","","0.30%"
"06/05/2024","89.0455","88.9475","89.4253","88.1600","","0.58%"
"06/04/2024","88.5330","89.2150","89.5868","88.3680","","-0.88%"
"06/03/2024","89.3205","90.0075","90.4978","88.7463","","-1.17%"
"05/31/2024","90.3755","90.3242","91.3478","88.5425","","-0.02%"
"05/30/2024","90.3955","89.5725","90.4500","89.1175","","0.92%"
"05/29/2024","89.5705","88.6875","90.2053","88.2082","","1.13%"
"05/28/2024","88.5705","88.6100","89.5533","87.7322","","-0.42%"
"05/27/2024","88.9455","89.5275","90.0158","87.3293","","-0.73%"
"05/24/2024","89.5955","91.4676","92.3338","87.8475","","-2.21%"
"05/23/2024","91.6205","90.2225","92.4257","88.1475","","1.58%"
"05/22/2024","90.1955","90.5000","91.6873","89.2003","","-0.03%"
"05/21/2024","90.2205","90.7000","90.9373","89.8653","","-0.49%"
"05/20/2024","90.6630","90.9100","91.7608","88.5857","","-0.37%"
"05/17/2024","90.9955","91.0500","91.3108","90.6255","","0.14%"
"05/16/2024","90.8705","90.9250","91.3127","89.9175","","0.14%"
"05/15/2024","90.7460","91.2600","91.6795","90.7933","","-0.63%"
"05/14/2024","91.3205","91.3850","91.9663","90.2305","","-0.30%"
"05/13/2024","91.5955","90.9000","93.0760","90.6640","","-1.16%"
"05/10/2024","92.6705","91.0100","93.1558","91.0100","","0.14%"
"05/09/2024","92.5455","91.7500","93.1250","91.7500","","1.01%"
"05/08/2024","91.6218","91.6340","92.4317","91.2308","","0.19%"
"05/07/2024","91.4455","91.3495","91.8433","90.8148","","0.41%"
"05/06/2024","91.0730","91.5300","92.8477","89.7498","","0.21%"
"05/03/2024","90.8790","92.5000","94.1858","90.4178","","-0.27%"
"05/02/2024","91.1205","93.0475","94.6488","90.2463","","-2.32%"
"05/01/2024","93.2830","93.6165","94.5500","93.2200","","-0.17%"
"04/30/2024","93.4455","93.3350","93.8717","92.4800","","0.13%"
"04/29/2024","93.3205","92.7575","93.8848","91.4553","","1.57%"
"04/26/2024","91.8755","92.2044","93.1088","90.8475","","-0.37%"
"04/25/2024","92.2155","92.3250","92.6687","91.7863","","-0.09%"
"04/24/2024","92.2957","93.1425","93.9603","91.6135","","-0.97%"
"04/23/2024","93.1955","93.3000","95.0345","91.6775","","-0.25%"
"04/22/2024","93.4320","93.1400","94.2593","91.2250","","0.44%"
"04/19/2024","93.0205","93.9750","95.1163","92.2820","","-0.83%"
"04/18/2024","93.7950","94.2600","95.5818","93.4013","","-0.29%"
"04/17/2024","94.0705","94.4100","95.0147","93.7220","","-0.08%"
"04/16/2024","94.1455","93.9250","94.7767","92.9800","","0.70%"
"04/15/2024","93.4955","93.2450","94.0248","93.1170","","0.21%"
"04/12/2024","93.2955","93.3500","94.5898","92.8805","","0.46%"
"04/11/2024","92.8670","93.5650","95.0075","92.5618","","-0.46%"
"04/10/2024","93.2955","92.9475","93.8438","92.4700","","0.43%"
"04/09/2024","92.8955","92.4250","93.9493","91.5600","","0.30%"
"04/08/2024","92.6205","92.4625","93.0363","91.7978","","0.12%"
"04/05/2024","92.5080","92.3850","92.9723","91.3750","","0.28%"
"04/04/2024","92.2455","92.3300","94.5400","90.8283","","-0.05%"
"04/03/2024","92.2955","92.4500","92.9702","91.6503","","-0.19%"
"04/02/2024","92.4705","92.4500","93.3900","91.9850","","0.20%"
"04/01/2024","92.2825","92.3100","92.4425","92.1200","","-0.31%"
"03/29/2024","92.5705","92.6425","92.6600","92.1400","","0.27%"
"03/28/2024","92.3230","92.2125","93.0393","91.5728","","-0.13%"
"03/27/2024","92.4455","92.7750","93.0000","91.8473","","-0.03%"
"03/26/2024","92.4705","92.7300","93.1553","91.5750","","-0.46%"
"03/25/2024","92.8955","92.9060","93.4593","92.1478","","0.84%"
"03/22/2024","92.1205","92.8215","93.9803","91.5018","","0.27%"
"03/21/2024","91.8705","92.2750","92.5283","91.4273","","-0.41%"
"03/20/2024","92.2455","92.4700","92.9635","92.0000","","0.00%"
"03/19/2024","92.2430","91.7300","93.0808","91.3025","","0.88%"
"03/18/2024","91.4420","93.1575","93.4620","91.3315","","-1.17%"
"03/15/2024","92.5205","91.6250","93.0133","91.4280","","1.09%"
"03/14/2024","91.5205","91.6800","92.0493","91.1362","","0.19%"
"03/13/2024","91.3455","91.7325","92.4288","90.5700","","-0.37%"
"03/12/2024","91.6855","90.8000","92.0983","90.5270","","0.76%"
"03/11/2024","90.9955","90.7950","92.5438","88.8050","","0.06%"
"03/08/2024","90.9449","90.6520","91.4663","90.3523","","0.33%"
"03/07/2024","90.6455","90.7525","91.3540","90.3220","","-0.12%"
"03/06/2024","90.7505","90.7000","91.4933","89.7308","","-0.24%"
"03/05/2024","90.9705","91.4500","91.6252","90.2808","","-0.27%"
"03/04/2024","91.2180","91.7775","91.8983","90.9510","","-0.52%"
"03/01/2024","91.6967","91.2750","92.6833","90.4900","","0.22%"
"02/29/2024","91.4955","91.0875","92.0208","90.0475","","-0.05%"
"02/28/2024","91.5455","92.0200","92.3960","90.9735","","-0.52%"
"02/27/2024","92.0205","92.2100","92.6750","91.4398","","0.16%"
"02/26/2024","91.8740","93.2100","94.2563","91.5232","","-1.87%"
"02/23/2024","93.6205","93.3500","96.2478","91.7688","","0.62%"
"02/22/2024","93.0455","91.9000","94.8038","91.3668","","1.14%"
"02/21/2024","91.9955","92.3550","93.4228","91.0100","","-0.12%"
"02/20/2024","92.1060","92.2800","92.9325","91.0100","","-0.26%"
"02/19/2024","92.3455","91.9950","93.0173","91.0100","","0.38%"
"02/16/2024","91.9955","92.3099","93.7438","91.6883","","-0.30%"
"02/15/2024","92.2705","91.7135","92.8218","89.4950","","0.68%"
"02/14/2024","91.6455","91.3100","92.1673","90.8933","","0.16%"
"02/13/2024","91.4955","91.1750","91.8313","88.6725","","0.30%"
"02/12/2024","91.2205","90.9950","91.4628","90.6447","","0.25%"
"02/09/2024","90.9955","90.9650","92.3228","90.2970","","-0.19%"
"02/08/2024","91.1705","91.5950","91.9765","90.7598","","-0.46%"
"02/07/2024","91.5955","90.5250","92.0603","90.3675","","1.19%"
"02/06/2024","90.5150","90.6700","91.6782","89.2425","","-0.03%"
"02/05/2024","90.5455","91.1600","91.5440","90.1201","","-0.49%"
"02/02/2024","90.9955","90.4750","91.3933","89.9203","","0.64%"
"02/01/2024","90.4155","90.1850","91.0153","89.6275","","0.52%"
"01/31/2024","89.9455","89.6250","90.1595","88.9060","","0.42%"
"01/30/2024","89.5705","88.9625","90.1028","88.3688","","0.34%"
"01/29/2024","89.2705","89.7450","90.4738","87.6600","","-0.53%"
"01/26/2024","89.7455","89.0525","90.2363","88.7538","","0.81%"
"01/25/2024","89.0205","88.5775","89.4938","88.3348","","0.31%"
"01/24/2024","88.7455","88.7192","89.0283","87.9133","","-0.14%"
"01/23/2024","88.8692","87.7650","89.0483","87.4375","","0.99%"
"01/22/2024","87.9955","88.3425","88.5950","87.3278","","-0.20%"
"01/19/2024","88.1705","89.1400","89.5478","87.1738","","-1.40%"
"01/18/2024","89.4205","89.0575","90.3273","88.0075","","0.90%"
"01/17/2024","88.6205","88.0100","89.3673","87.2298","","0.60%"
"01/16/2024","88.0955","87.6100","88.8423","86.6150","","0.43%"
"01/15/2024","87.7205","88.2400","88.6450","87.1550","","-0.27%"
"01/12/2024","87.9560","88.3750","89.0553","87.7760","","-0.61%"
"01/11/2024","88.4955","89.3500","89.5507","88.0532","","-0.99%"
"01/10/2024","89.3780","89.6087","90.1490","88.9090","","-0.28%"
"01/09/2024","89.6330","91.1650","91.7338","89.1523","","-1.39%"
"01/08/2024","90.8980","91.0025","91.3900","89.7003","","-0.02%"
"01/05/2024","90.9205","91.3100","92.2013","90.4525","","-0.47%"
"01/04/2024","91.3455","91.8750","92.6538","90.9338","","-0.71%"
"01/03/2024","91.9955","90.9025","92.8350","89.8650","","1.74%"
"01/02/2024","90.4205","90.5570","91.3258","89.8313","","1.32%"
"01/01/2024","89.2455","89.2455","89.2455","89.2455","","0.00%"
"12/29/2023","89.2455","88.4750","91.2003","88.4727","","0.85%"
"12/28/2023","88.4955","91.0375","91.9688","88.0822","","-3.41%"
"12/27/2023","91.6205","91.8925","92.7713","90.8805","","-0.01%"
"12/26/2023","91.6275","91.4550","91.9425","91.4275","","-0.39%"
"12/25/2023","91.9825","92.1000","92.5000","89.5325","","-0.15%"
"12/22/2023","92.1205","92.0950","93.2348","90.3550","","-0.81%"
"12/21/2023","92.8705","90.8100","93.1753","90.0610","","3.59%"
"12/20/2023","89.6480","90.4700","91.7227","89.4050","","-0.91%"
"12/19/2023","90.4705","90.5200","90.9323","89.6305","","-0.06%"
"12/18/2023","90.5205","90.0000","91.5507","89.6833","","-0.14%"
"12/15/2023","90.6455","89.9625","91.1223","88.0500","","1.26%"
"12/14/2023","89.5205","89.3450","90.9543","88.3400","","0.20%"
"12/13/2023","89.3455","90.3000","90.5933","88.6425","","-1.00%"
"12/12/2023","90.2505","90.4875","91.3393","89.5218","","-0.31%"
"12/11/2023","90.5280","92.1325","92.2100","89.7200","","-1.76%"
"12/08/2023","92.1455","92.3400","92.5453","90.5183","","-0.30%"
"12/07/2023","92.4205","92.8100","93.5750","91.7928","","-0.25%"
"12/06/2023","92.6500","90.2125","93.5288","90.2125","","2.71%"
"12/05/2023","90.2025","91.4750","92.8388","89.4400","","-1.41%"
"12/04/2023","91.4955","91.2000","91.8663","90.1602","","0.30%"
"12/01/2023","91.2205","89.3200","91.2250","88.5728","","1.39%"
"11/30/2023","89.9705","88.5050","90.4818","87.8650","","1.44%"
"11/29/2023","88.6955","88.8500","89.7707","87.9493","","-0.20%"
"11/28/2023","88.8705","88.7325","89.8595","88.0420","","-0.22%"
"11/27/2023","89.0705","88.9200","89.3188","88.0190","","-0.25%"
"11/24/2023","89.2955","88.5400","90.3783","88.0257","","0.82%"
"11/23/2023","88.5705","88.1550","89.7107","87.1150","","0.20%"
"11/22/2023","88.3955","87.6925","88.7202","87.5065","","0.18%"
"11/21/2023","88.2405","88.0050","88.9408","86.7525","","-0.34%"
"11/20/2023","88.5455","89.9200","90.2285","86.6760","","-1.31%"
"11/17/2023","89.7230","88.9400","90.7633","88.0400","","0.42%"
"11/16/2023","89.3455","89.4550","90.0138","88.1788","","-0.11%"
"11/15/2023","89.4455","90.5000","91.5538","88.1902","","-1.19%"
"11/14/2023","90.5205","91.7600","92.0768","90.0423","","-1.51%"
"11/13/2023","91.9105","92.3675","92.6108","91.2568","","-0.39%"
"11/10/2023","92.2705","92.0775","92.5358","91.3843","","0.65%"
"11/09/2023","91.6705","91.9100","92.6853","91.4298","","-0.19%"
"11/08/2023","91.8455","92.2100","92.7303","91.3523","","-0.27%"
"11/07/2023","92.0955","92.8425","93.2605","91.3313","","-0.59%"
"11/06/2023","92.6455","92.1950","92.9992","91.7518","","-0.22%"
"11/03/2023","92.8455","93.0075","94.0832","91.8383","","-0.46%"
"11/02/2023","93.2705","92.7525","94.1408","91.9450","","0.73%"
"11/01/2023","92.5955","93.3250","93.8715","91.8783","","-1.07%"
"10/31/2023","93.5955","93.0900","93.9923","91.4523","","1.13%"
"10/30/2023","92.5455","93.8500","94.4315","92.3828","","-1.75%"
"10/27/2023","94.1955","93.8550","95.7748","91.6375","","0.59%"
"10/26/2023","93.6455","93.1725","94.4303","92.6838","","-0.37%"
"10/25/2023","93.9955","93.3565","94.2228","92.5087","","0.56%"
"10/24/2023","93.4705","94.2300","94.7738","92.3715","","-1.08%"
"10/23/2023","94.4955","95.3375","96.1037","93.5725","","-1.00%"
"10/20/2023","95.4455","96.1850","97.2990","95.0225","","-0.75%"
"10/19/2023","96.1700","97.4250","98.4965","95.8350","","-1.97%"
"10/18/2023","98.1055","97.5150","98.3903","96.3930","","0.09%"
"10/17/2023","98.0205","97.3875","98.1973","96.8675","","0.62%"
"10/16/2023","97.4205","97.6450","98.1978","96.6975","","-0.28%"
"10/13/2023","97.6955","97.3150","98.3288","95.9688","","-0.03%"
"10/12/2023","97.7205","99.0050","99.8800","95.3413","","-1.79%"
"10/11/2023","99.5000","100.3950","101.0938","97.7500","","-0.79%"
"10/10/2023","100.2955","99.2500","101.2978","97.8553","","1.82%"
"10/09/2023","98.5000","100.2925","103.4800","98.0963","","-2.47%"
"10/06/2023","100.9955","100.3050","103.0928","97.3553","","1.89%"
"10/05/2023","99.1250","99.6000","100.7478","98.3850","","0.33%"
"10/04/2023","98.8000","101.0000","101.1728","98.1825","","-0.30%"
"10/03/2023","99.1000","99.9900","100.7353","97.7075","","1.33%"
"10/02/2023","97.8000","96.6850","100.0977","96.5900","","0.82%"
"09/29/2023","97.0000","96.5604","98.5050","95.3200","","0.78%"
"09/28/2023","96.2455","96.7250","97.8978","95.5638","","0.18%"
"09/27/2023","96.0750","95.2000","97.7852","94.2813","","-0.54%"
"09/26/2023","96.5955","94.9150","98.3477","94.8400","","1.78%"
"09/25/2023","94.9050","96.4400","97.0138","94.8375","","-0.41%"
"09/22/2023","95.3000","96.0725","96.9667","94.9563","","1.17%"
"09/21/2023","94.2000","96.0900","97.2478","94.4050","","-1.90%"
"09/20/2023","96.0205","96.5100","97.6248","95.2475","","1.07%"
"09/19/2023","95.0000","94.9300","98.3603","94.7569","","-0.99%"
"09/18/2023","95.9455","95.8100","98.3108","94.8400","","0.15%"
"09/15/2023","95.8000","96.2500","97.8508","94.8063","","0.58%"
"09/14/2023","95.2500","96.2325","97.3262","94.8419","","-0.98%"
"09/13/2023","96.1955","94.8700","98.3873","92.6925","","0.21%"
"09/12/2023","95.9955","94.0400","97.4978","92.2600","","2.07%"
"09/11/2023","94.0500","97.3950","97.8853","94.6100","","-2.79%"
"09/08/2023","96.7500","98.1100","99.0600","96.7050","","-0.77%"
"09/07/2023","97.5000","97.8000","99.1228","96.3760","","0.10%"
"09/06/2023","97.4000","96.7700","98.9978","96.7150","","0.48%"
"09/05/2023","96.9350","96.2500","98.5478","95.7513","","0.07%"
"09/04/2023","96.8705","96.4625","97.5728","95.4888","","0.49%"
"09/01/2023","96.4005","96.0725","97.1969","94.8188","","1.61%"
"08/31/2023","94.8750","96.3000","97.2833","94.6523","","-1.32%"
"08/30/2023","96.1455","95.3790","97.6173","95.0023","","0.76%"
"08/29/2023","95.4205","95.3250","97.4133","92.4638","","0.98%"
"08/28/2023","94.4955","95.5000","96.4065","93.7523","","-0.53%"
"08/25/2023","94.9955","94.7550","97.4183","93.3237","","1.60%"
"08/24/2023","93.5000","94.5875","96.9148","91.9678","","-0.53%"
"08/23/2023","93.9955","94.3275","95.7600","91.4287","","0.53%"
"08/22/2023","93.5000","93.4650","95.3130","92.5800","","0.00%"
"08/21/2023","93.4955","92.9900","96.2918","92.3155","","-0.75%"
"08/18/2023","94.2000","93.5000","96.8728","90.8938","","1.29%"
"08/17/2023","93.0000","94.1075","97.1203","90.7688","","-3.48%"
"08/16/2023","96.3500","97.0100","98.8608","91.8738","","-1.68%"
"08/15/2023","98.0000","98.5000","100.9753","93.6438","","-0.50%"
"08/14/2023","98.4955","99.6250","102.8777","96.2523","","-0.50%"
"08/11/2023","98.9950","97.0250","100.2328","96.2638","","2.77%"
"08/10/2023","96.3300","96.5200","98.6400","95.5493","","-0.56%"
"08/09/2023","96.8705","96.9700","98.6683","94.9313","","0.69%"
"08/08/2023","96.2050","95.7500","98.1433","94.2040","","1.67%"
"08/07/2023","94.6250","96.2425","97.9042","94.7425","","-0.26%"
"08/04/2023","94.8750","95.0000","98.0383","92.8477","","1.47%"
"08/03/2023","93.5000","94.0500","96.8477","92.4425","","0.20%"
"08/02/2023","93.3100","92.5100","94.9353","90.9775","","0.99%"
"08/01/2023","92.3955","91.6500","92.8978","90.2698","","0.71%"
"07/31/2023","91.7455","91.0400","92.9713","89.7138","","0.75%"
"07/28/2023","91.0600","90.5850","92.7728","89.0510","","0.40%"
"07/27/2023","90.6955","89.9150","91.2978","88.8075","","0.78%"
"07/26/2023","89.9955","90.2500","90.8750","88.8973","","0.84%"
"07/25/2023","89.2500","90.4000","91.1918","88.8003","","-1.32%"
"07/24/2023","90.4455","91.0150","92.0298","88.4448","","1.06%"
"07/21/2023","89.5000","90.4000","91.6817","89.2400","","0.11%"
"07/20/2023","89.4000","91.5850","92.4478","89.8285","","-2.53%"
"07/19/2023","91.7205","91.0000","92.2227","89.5563","","1.07%"
"07/18/2023","90.7455","90.3500","92.0323","89.1810","","1.56%"
"07/17/2023","89.3500","90.2050","91.3575","89.4700","","-0.99%"
"07/14/2023","90.2455","89.6900","91.0248","89.2825","","0.14%"
"07/13/2023","90.1205","90.9100","91.9840","89.1363","","-0.41%"
"07/12/2023","90.4955","90.5000","91.4125","89.0900","","1.11%"
"07/11/2023","89.5000","91.1000","91.5352","89.0010","","-0.67%"
"07/10/2023","90.1000","95.0000","95.0000","89.8945","","-1.27%"
"07/07/2023","91.2555","91.5960","92.8270","89.5023","","0.01%"
"07/06/2023","91.2455","90.8000","95.4702","89.0938","","1.61%"
"07/05/2023","89.8000","89.1075","91.6697","88.5900","","-1.31%"
"07/04/2023","90.9955","88.8100","91.6693","87.4038","","1.68%"
"07/03/2023","89.4955","89.5100","90.5203","87.9145","","2.93%"
"06/30/2023","86.9500","87.3100","90.2978","87.0323","","0.11%"
"06/29/2023","86.8555","86.1600","88.2818","85.5300","","1.00%"
"06/28/2023","85.9955","85.3750","87.3728","84.2253","","0.61%"
"06/27/2023","85.4705","84.4100","86.0878","84.0850","","1.27%"
"06/26/2023","84.4000","85.0100","87.1080","83.5550","","0.90%"
"06/23/2023","83.6455","84.0100","86.2478","83.1523","","1.13%"
"06/22/2023","82.7075","83.6500","84.6296","82.7120","","0.07%"
"06/21/2023","82.6500","83.8500","85.6750","83.0488","","-0.24%"
"06/20/2023","82.8500","82.9925","85.4000","82.9235","","-1.19%"
"06/19/2023","83.8455","84.0100","85.0765","82.9350","","1.63%"
"06/16/2023","82.5000","83.8100","84.6700","82.8125","","-1.16%"
"06/15/2023","83.4705","84.4600","85.0228","82.6010","","-0.63%"
"06/14/2023","83.9955","84.6150","85.8998","83.4273","","0.06%"
"06/13/2023","83.9455","82.4100","84.7415","82.3323","","0.09%"
"06/12/2023","83.8705","82.7000","84.3728","81.6850","","1.39%"
"06/09/2023","82.7205","82.0100","83.4778","81.4835","","0.88%"
"06/08/2023","82.0000","81.5500","83.3234","80.2698","","1.80%"
"06/07/2023","80.5500","81.3500","82.4978","80.3350","","0.25%"
"06/06/2023","80.3500","80.6000","82.1858","79.6598","","0.94%"
"06/05/2023","79.6000","81.5100","82.4915","79.8548","","-1.48%"
"06/02/2023","80.7955","80.5800","81.9508","79.3773","","-0.25%"
"06/01/2023","80.9955","80.9400","81.9500","79.7950","","-0.67%"
"05/31/2023","81.5455","81.2350","82.1240","79.1348","","4.53%"
"05/30/2023","78.0150","80.2500","82.1463","78.0250","","-1.56%"
"05/29/2023","79.2500","79.9600","83.7288","78.1448","","0.32%"
"05/26/2023","78.9955","80.2500","81.6097","78.5023","","-1.28%"
"05/25/2023","80.0205","80.2100","80.9390","78.9013","","1.02%"
"05/24/2023","79.2100","80.1600","81.1028","78.3823","","-1.17%"
"05/23/2023","80.1500","80.1100","81.1785","79.1538","","-0.43%"
"05/22/2023","80.4955","80.0100","80.9978","78.7968","","1.76%"
"05/19/2023","79.1000","80.2975","82.0710","78.9960","","-1.61%"
"05/18/2023","80.3955","79.7500","81.0463","79.1198","","0.12%"
"05/17/2023","80.2955","80.4900","81.5728","79.5850","","1.01%"
"05/16/2023","79.4900","80.0000","81.3228","78.2673","","-0.35%"
"05/15/2023","79.7705","77.7100","80.3978","77.3600","","4.47%"
"05/12/2023","76.3600","76.5100","78.7970","75.8850","","-0.83%"
"05/11/2023","76.9955","76.1100","78.6145","74.6397","","1.18%"
"05/10/2023","76.1000","78.0000","79.1340","75.3994","","-2.05%"
"05/09/2023","77.6930","78.4500","79.3340","76.7773","","-0.04%"
"05/08/2023","77.7205","77.5345","79.3332","76.0023","","-0.11%"
"05/05/2023","77.8055","78.6500","79.1478","75.6023","","-0.88%"
"05/04/2023","78.4955","79.5000","80.0983","76.7990","","-0.01%"
"05/03/2023","78.5000","79.9100","80.4528","77.6273","","-2.00%"
"05/02/2023","80.1055","80.4600","80.9673","78.8978","","0.51%"
"05/01/2023","79.7000","80.2130","80.7000","78.8015","","0.31%"
"04/28/2023","79.4500","81.8500","82.3477","78.4023","","-2.63%"
"04/27/2023","81.5955","81.8000","82.5778","80.7340","","-0.64%"
"04/26/2023","82.1205","81.6100","83.6885","80.9307","","1.76%"
"04/25/2023","80.7000","81.4950","82.3160","80.3523","","0.25%"
"04/24/2023","80.4950","81.7100","84.5100","80.4822","","0.06%"
"04/21/2023","80.4500","81.5600","82.9065","80.7893","","-0.43%"
"04/20/2023","80.8000","81.6100","82.4405","80.6655","","-1.10%"
"04/19/2023","81.6955","81.8000","82.7758","80.4330","","-0.16%"
"04/18/2023","81.8255","82.0500","82.6233","80.2215","","-0.08%"
"04/17/2023","81.8930","81.5100","83.0195","80.7573","","1.67%"
"04/14/2023","80.5500","81.6100","82.7728","80.8600","","-1.40%"
"04/13/2023","81.6955","82.2200","82.8828","80.5525","","0.59%"
"04/12/2023","81.2200","81.6000","83.1160","81.1023","","0.15%"
"04/11/2023","81.0955","81.6600","83.1245","80.6023","","-0.68%"
"04/10/2023","81.6500","81.0100","82.8375","80.5600","","1.94%"
"04/07/2023","80.1000","81.2000","83.6750","80.6523","","-0.12%"
"04/06/2023","80.2000","80.5000","82.2495","79.3425","","0.01%"
"04/05/2023","80.1955","79.5100","81.2918","78.7350","","1.13%"
"04/04/2023","79.2955","78.6500","80.8605","78.2082","","2.12%"
"04/03/2023","77.6500","77.7100","79.2720","76.8185","","-0.44%"
"03/31/2023","77.9955","77.1100","80.6825","76.5675","","0.94%"
"03/30/2023","77.2705","77.3250","77.8728","75.9133","","1.24%"
"03/29/2023","76.3250","76.5600","78.0183","76.2100","","-0.29%"
"03/28/2023","76.5500","76.5350","77.6500","75.8400","","0.04%"
"03/27/2023","76.5200","77.0150","77.6600","75.4598","","-0.98%"
"03/24/2023","77.2755","75.2150","77.7978","75.1025","","1.68%"
"03/23/2023","75.9955","76.9550","77.5575","75.4035","","-1.36%"
"03/22/2023","77.0405","77.2485","77.9978","76.3193","","-0.27%"
"03/21/2023","77.2455","77.2500","77.9978","76.1773","","1.31%"
"03/20/2023","76.2500","76.9600","78.1528","76.0640","","-0.92%"
"03/17/2023","76.9555","76.8000","77.9168","75.7788","","-0.76%"
"03/16/2023","77.5455","76.1000","78.1228","75.4075","","1.31%"
"03/15/2023","76.5455","75.2800","77.0478","74.8323","","1.06%"
"03/14/2023","75.7455","76.0100","76.5027","74.5573","","0.26%"
"03/13/2023","75.5455","76.2000","76.9228","72.2638","","-0.85%"
"03/10/2023","76.1955","75.4600","77.5993","74.4743","","0.46%"
"03/09/2023","75.8455","76.0100","76.9150","75.1903","","-0.26%"
"03/08/2023","76.0455","75.8500","76.9708","75.3523","","0.60%"
"03/07/2023","75.5955","75.4000","76.4670","74.3125","","0.03%"
"03/06/2023","75.5705","75.5650","76.2428","74.7618","","1.57%"
"03/03/2023","74.4000","75.5250","76.1978","74.3185","","-0.17%"
"03/02/2023","74.5250","75.2650","76.3003","74.5563","","-0.96%"
"03/01/2023","75.2500","75.0500","75.9738","74.3883","","0.27%"
"02/28/2023","75.0455","74.6500","75.9048","73.6785","","0.17%"
"02/27/2023","74.9205","76.0150","76.8680","74.0913","","-1.42%"
"02/24/2023","76.0000","75.4000","77.0847","74.4023","","0.37%"
"02/23/2023","75.7205","74.9000","76.3428","74.4023","","0.38%"
"02/22/2023","75.4355","74.6500","76.2328","73.6478","","0.69%"
"02/21/2023","74.9205","73.7500","76.4005","72.5023","","2.98%"
"02/20/2023","72.7500","73.6500","76.7478","72.9187","","-1.68%"
"02/17/2023","73.9955","74.7150","75.8553","72.9773","","-0.94%"
"02/16/2023","74.7000","74.3150","75.6170","73.6873","","0.95%"
"02/15/2023","73.9955","73.8150","76.3228","72.8023","","0.54%"
"02/14/2023","73.5955","73.6750","74.7085","72.4145","","0.55%"
"02/13/2023","73.1955","72.9350","74.8477","72.2223","","0.12%"
"02/10/2023","73.1055","72.8750","74.5658","72.0613","","0.08%"
"02/09/2023","73.0505","72.0500","73.9940","71.3150","","0.77%"
"02/08/2023","72.4955","72.6350","74.0603","68.5523","","1.00%"
"02/07/2023","71.7805","71.1150","73.6693","69.8553","","0.40%"
"02/06/2023","71.4955","71.9250","73.1478","68.8520","","1.20%"
"02/03/2023","70.6455","70.0650","72.8353","69.5400","","0.85%"
"02/02/2023","70.0500","70.1600","73.4381","68.8780","","0.24%"
"02/01/2023","69.8805","70.5850","71.1703","68.7898","","-0.98%"
"01/31/2023","70.5700","69.9150","73.4381","68.9900","","0.96%"
"01/30/2023","69.9000","69.5000","70.7200","68.8379","","0.50%"
"01/27/2023","69.5550","69.5000","70.9228","68.7098","","-0.14%"
"01/26/2023","69.6505","69.4750","70.2244","68.4693","","0.61%"
"01/25/2023","69.2255","69.2300","70.0977","68.2473","","-0.32%"
"01/24/2023","69.4455","69.8750","70.4353","68.0010","","0.69%"
"01/23/2023","68.9705","68.5000","70.4945","67.2163","","1.06%"
"01/20/2023","68.2455","68.8000","69.8978","66.7273","","-1.66%"
"01/19/2023","69.3955","68.7500","70.4478","68.0597","","0.79%"
"01/18/2023","68.8505","69.6250","70.0803","67.7865","","0.52%"
"01/17/2023","68.4955","68.5000","69.8578","67.8348","","-0.36%"
"01/16/2023","68.7455","68.7150","69.8370","66.0000","","5.76%"
"01/13/2023","65.0000","67.7850","69.7728","66.0000","","-4.09%"
"01/12/2023","67.7700","70.3000","71.2978","66.8483","","-0.77%"
"01/11/2023","68.2955","69.2250","70.5303","67.2898","","-1.97%"
"01/10/2023","69.6705","69.9150","70.3309","68.2523","","-0.33%"
"01/09/2023","69.9000","71.8150","72.5780","68.7980","","-3.58%"
"01/06/2023","72.4955","72.1500","73.5830","71.1598","","1.89%"
"01/05/2023","71.1500","72.5000","73.3960","70.7598","","-0.49%"
"01/04/2023","71.5000","73.0500","73.8965","70.0098","","-1.17%"
"01/03/2023","72.3455","70.0000","74.2142","69.5023","","1.90%"
"01/02/2023","70.9955","76.0000","80.4978","69.6898","","-2.08%"
"12/30/2022","72.5000","74.0000","75.5000","69.6315","","0.69%"
"12/29/2022","72.0000","71.3650","74.7545","70.6900","","0.35%"
"12/28/2022","71.7500","70.2650","73.2095","69.8900","","3.99%"
"12/27/2022","69.0000","68.3650","71.3075","68.3150","","0.95%"
"12/26/2022","68.3500","69.9150","70.8250","67.6400","","-1.30%"
"12/23/2022","69.2500","68.9150","71.3000","66.8525","","3.36%"
"12/22/2022","67.0000","73.2500","73.8360","68.0770","","-6.20%"
"12/21/2022","71.4250","71.7500","73.2375","68.6650","","3.14%"
"12/20/2022","69.2500","69.7500","72.0875","66.4680","","4.92%"
"12/19/2022","66.0000","64.2650","69.4375","64.2000","","3.33%"
"12/16/2022","63.8750","64.8535","66.5460","62.6865","","0.35%"
"12/15/2022","63.6500","63.4150","65.9355","62.2150","","-0.16%"